FileName,PenName,Writer,Class
U0030/U0030_00002.png,Pencil,Shen,U0030
U0030/U0030_00003.png,Pencil,Shen,U0030
U0030/U0030_00004.png,Pen,Shen,U0030
U0030/U0030_00005.png,Pen,Shen,U0030
U0030/U0030_00006.png,Pen,Shen,U0030
U0030/U0030_00008.png,GelPen,Shen,U0030
U0030/U0030_00009.png,GelPen,Shen,U0030
U0030/U0030_00010.png,Paintbrush,Shen,U0030
U0030/U0030_00012.png,Paintbrush,Shen,U0030
U0030/U0030_00013.png,Crayon,Shen,U0030
U0030/U0030_00014.png,Crayon,Shen,U0030
U0030/U0030_00015.png,Crayon,Shen,U0030
U0030/U0030_00017.png,Pigment,Shen,U0030
U0030/U0030_00018.png,Pigment,Shen,U0030
U0030/U0030_00019.png,WaterColorBrush,Shen,U0030
U0030/U0030_00020.png,WaterColorBrush,Shen,U0030
U0030/U0030_00021.png,WaterColorBrush,Shen,U0030
U0031/U0031_00001.png,Pencil,Shen,U0031
U0031/U0031_00002.png,Pencil,Shen,U0031
U0031/U0031_00003.png,Pencil,Shen,U0031
U0031/U0031_00004.png,Pen,Shen,U0031
U0031/U0031_00006.png,Pen,Shen,U0031
U0031/U0031_00007.png,GelPen,Shen,U0031
U0031/U0031_00008.png,GelPen,Shen,U0031
U0031/U0031_00009.png,GelPen,Shen,U0031
U0031/U0031_00010.png,Paintbrush,Shen,U0031
U0031/U0031_00011.png,Paintbrush,Shen,U0031
U0031/U0031_00012.png,Paintbrush,Shen,U0031
U0031/U0031_00013.png,Crayon,Shen,U0031
U0031/U0031_00014.png,Crayon,Shen,U0031
U0031/U0031_00015.png,Crayon,Shen,U0031
U0031/U0031_00016.png,Pigment,Shen,U0031
U0031/U0031_00017.png,Pigment,Shen,U0031
U0031/U0031_00018.png,Pigment,Shen,U0031
U0031/U0031_00019.png,WaterColorBrush,Shen,U0031
U0031/U0031_00020.png,WaterColorBrush,Shen,U0031
U0032/U0032_00001.png,Pencil,Shen,U0032
U0032/U0032_00002.png,Pencil,Shen,U0032
U0032/U0032_00004.png,Pen,Shen,U0032
U0032/U0032_00005.png,Pen,Shen,U0032
U0032/U0032_00006.png,Pen,Shen,U0032
U0032/U0032_00008.png,GelPen,Shen,U0032
U0032/U0032_00009.png,GelPen,Shen,U0032
U0032/U0032_00010.png,Paintbrush,Shen,U0032
U0032/U0032_00011.png,Paintbrush,Shen,U0032
U0032/U0032_00012.png,Paintbrush,Shen,U0032
U0032/U0032_00013.png,Crayon,Shen,U0032
U0032/U0032_00014.png,Crayon,Shen,U0032
U0032/U0032_00017.png,Pigment,Shen,U0032
U0032/U0032_00018.png,Pigment,Shen,U0032
U0032/U0032_00020.png,WaterColorBrush,Shen,U0032
U0032/U0032_00021.png,WaterColorBrush,Shen,U0032
U0033/U0033_00001.png,Pencil,Shen,U0033
U0033/U0033_00002.png,Pencil,Shen,U0033
U0033/U0033_00003.png,Pencil,Shen,U0033
U0033/U0033_00004.png,Pen,Shen,U0033
U0033/U0033_00005.png,Pen,Shen,U0033
U0033/U0033_00006.png,Pen,Shen,U0033
U0033/U0033_00007.png,GelPen,Shen,U0033
U0033/U0033_00008.png,GelPen,Shen,U0033
U0033/U0033_00009.png,GelPen,Shen,U0033
U0033/U0033_00011.png,Paintbrush,Shen,U0033
U0033/U0033_00012.png,Paintbrush,Shen,U0033
U0033/U0033_00013.png,Crayon,Shen,U0033
U0033/U0033_00014.png,Crayon,Shen,U0033
U0033/U0033_00015.png,Crayon,Shen,U0033
U0033/U0033_00016.png,Pigment,Shen,U0033
U0033/U0033_00017.png,Pigment,Shen,U0033
U0033/U0033_00018.png,Pigment,Shen,U0033
U0033/U0033_00021.png,WaterColorBrush,Shen,U0033
U0034/U0034_00001.png,Pencil,Shen,U0034
U0034/U0034_00002.png,Pencil,Shen,U0034
U0034/U0034_00006.png,Pen,Shen,U0034
U0034/U0034_00007.png,GelPen,Shen,U0034
U0034/U0034_00008.png,GelPen,Shen,U0034
U0034/U0034_00009.png,GelPen,Shen,U0034
U0034/U0034_00010.png,Paintbrush,Shen,U0034
U0034/U0034_00012.png,Paintbrush,Shen,U0034
U0034/U0034_00013.png,Crayon,Shen,U0034
U0034/U0034_00014.png,Crayon,Shen,U0034
U0034/U0034_00016.png,Pigment,Shen,U0034
U0034/U0034_00017.png,Pigment,Shen,U0034
U0034/U0034_00019.png,WaterColorBrush,Shen,U0034
U0034/U0034_00020.png,WaterColorBrush,Shen,U0034
U0034/U0034_00021.png,WaterColorBrush,Shen,U0034
U0035/U0035_00002.png,Pencil,Shen,U0035
U0035/U0035_00003.png,Pencil,Shen,U0035
U0035/U0035_00005.png,Pen,Shen,U0035
U0035/U0035_00006.png,Pen,Shen,U0035
U0035/U0035_00007.png,GelPen,Shen,U0035
U0035/U0035_00009.png,GelPen,Shen,U0035
U0035/U0035_00010.png,Paintbrush,Shen,U0035
U0035/U0035_00011.png,Paintbrush,Shen,U0035
U0035/U0035_00012.png,Paintbrush,Shen,U0035
U0035/U0035_00014.png,Crayon,Shen,U0035
U0035/U0035_00016.png,Pigment,Shen,U0035
U0035/U0035_00018.png,Pigment,Shen,U0035
U0035/U0035_00019.png,WaterColorBrush,Shen,U0035
U0035/U0035_00020.png,WaterColorBrush,Shen,U0035
U0035/U0035_00021.png,WaterColorBrush,Shen,U0035
U0036/U0036_00001.png,Pencil,Shen,U0036
U0036/U0036_00002.png,Pencil,Shen,U0036
U0036/U0036_00003.png,Pencil,Shen,U0036
U0036/U0036_00004.png,Pen,Shen,U0036
U0036/U0036_00005.png,Pen,Shen,U0036
U0036/U0036_00007.png,GelPen,Shen,U0036
U0036/U0036_00008.png,GelPen,Shen,U0036
U0036/U0036_00009.png,GelPen,Shen,U0036
U0036/U0036_00010.png,Paintbrush,Shen,U0036
U0036/U0036_00012.png,Paintbrush,Shen,U0036
U0036/U0036_00014.png,Crayon,Shen,U0036
U0036/U0036_00015.png,Crayon,Shen,U0036
U0036/U0036_00016.png,Pigment,Shen,U0036
U0036/U0036_00017.png,Pigment,Shen,U0036
U0036/U0036_00018.png,Pigment,Shen,U0036
U0036/U0036_00019.png,WaterColorBrush,Shen,U0036
U0036/U0036_00020.png,WaterColorBrush,Shen,U0036
U0036/U0036_00021.png,WaterColorBrush,Shen,U0036
U0037/U0037_00001.png,Pencil,Shen,U0037
U0037/U0037_00002.png,Pencil,Shen,U0037
U0037/U0037_00004.png,Pen,Shen,U0037
U0037/U0037_00005.png,Pen,Shen,U0037
U0037/U0037_00006.png,Pen,Shen,U0037
U0037/U0037_00007.png,GelPen,Shen,U0037
U0037/U0037_00008.png,GelPen,Shen,U0037
U0037/U0037_00009.png,GelPen,Shen,U0037
U0037/U0037_00011.png,Paintbrush,Shen,U0037
U0037/U0037_00012.png,Paintbrush,Shen,U0037
U0037/U0037_00013.png,Crayon,Shen,U0037
U0037/U0037_00015.png,Crayon,Shen,U0037
U0037/U0037_00016.png,Pigment,Shen,U0037
U0037/U0037_00017.png,Pigment,Shen,U0037
U0037/U0037_00018.png,Pigment,Shen,U0037
U0037/U0037_00019.png,WaterColorBrush,Shen,U0037
U0037/U0037_00020.png,WaterColorBrush,Shen,U0037
U0037/U0037_00021.png,WaterColorBrush,Shen,U0037
U0038/U0038_00001.png,Pencil,Shen,U0038
U0038/U0038_00003.png,Pencil,Shen,U0038
U0038/U0038_00005.png,Pen,Shen,U0038
U0038/U0038_00006.png,Pen,Shen,U0038
U0038/U0038_00008.png,GelPen,Shen,U0038
U0038/U0038_00009.png,GelPen,Shen,U0038
U0038/U0038_00010.png,Paintbrush,Shen,U0038
U0038/U0038_00011.png,Paintbrush,Shen,U0038
U0038/U0038_00012.png,Paintbrush,Shen,U0038
U0038/U0038_00013.png,Crayon,Shen,U0038
U0038/U0038_00014.png,Crayon,Shen,U0038
U0038/U0038_00015.png,Crayon,Shen,U0038
U0038/U0038_00016.png,Pigment,Shen,U0038
U0038/U0038_00018.png,Pigment,Shen,U0038
U0038/U0038_00019.png,WaterColorBrush,Shen,U0038
U0038/U0038_00020.png,WaterColorBrush,Shen,U0038
U0038/U0038_00021.png,WaterColorBrush,Shen,U0038
U0039/U0039_00001.png,Pencil,Shen,U0039
U0039/U0039_00002.png,Pencil,Shen,U0039
U0039/U0039_00003.png,Pencil,Shen,U0039
U0039/U0039_00004.png,Pen,Shen,U0039
U0039/U0039_00005.png,Pen,Shen,U0039
U0039/U0039_00006.png,Pen,Shen,U0039
U0039/U0039_00007.png,GelPen,Shen,U0039
U0039/U0039_00008.png,GelPen,Shen,U0039
U0039/U0039_00009.png,GelPen,Shen,U0039
U0039/U0039_00010.png,Paintbrush,Shen,U0039
U0039/U0039_00011.png,Paintbrush,Shen,U0039
U0039/U0039_00012.png,Paintbrush,Shen,U0039
U0039/U0039_00013.png,Crayon,Shen,U0039
U0039/U0039_00014.png,Crayon,Shen,U0039
U0039/U0039_00015.png,Crayon,Shen,U0039
U0039/U0039_00016.png,Pigment,Shen,U0039
U0039/U0039_00018.png,Pigment,Shen,U0039
U0039/U0039_00019.png,WaterColorBrush,Shen,U0039
U0039/U0039_00020.png,WaterColorBrush,Shen,U0039
U0039/U0039_00021.png,WaterColorBrush,Shen,U0039
U0030/U0030_00022.png,Pencil,Wang,U0030
U0030/U0030_00023.png,Pencil,Wang,U0030
U0030/U0030_00024.png,Pencil,Wang,U0030
U0030/U0030_00025.png,Pen,Wang,U0030
U0030/U0030_00026.png,Pen,Wang,U0030
U0030/U0030_00027.png,Pen,Wang,U0030
U0030/U0030_00028.png,GelPen,Wang,U0030
U0030/U0030_00029.png,GelPen,Wang,U0030
U0030/U0030_00030.png,GelPen,Wang,U0030
U0030/U0030_00031.png,Paintbrush,Wang,U0030
U0030/U0030_00032.png,Paintbrush,Wang,U0030
U0030/U0030_00033.png,Paintbrush,Wang,U0030
U0030/U0030_00034.png,Crayon,Wang,U0030
U0030/U0030_00036.png,Crayon,Wang,U0030
U0030/U0030_00037.png,Pigment,Wang,U0030
U0030/U0030_00039.png,Pigment,Wang,U0030
U0030/U0030_00040.png,WaterColorBrush,Wang,U0030
U0030/U0030_00041.png,WaterColorBrush,Wang,U0030
U0030/U0030_00042.png,WaterColorBrush,Wang,U0030
U0031/U0031_00022.png,Pencil,Wang,U0031
U0031/U0031_00023.png,Pencil,Wang,U0031
U0031/U0031_00024.png,Pencil,Wang,U0031
U0031/U0031_00025.png,Pen,Wang,U0031
U0031/U0031_00026.png,Pen,Wang,U0031
U0031/U0031_00027.png,Pen,Wang,U0031
U0031/U0031_00028.png,GelPen,Wang,U0031
U0031/U0031_00029.png,GelPen,Wang,U0031
U0031/U0031_00030.png,GelPen,Wang,U0031
U0031/U0031_00031.png,Paintbrush,Wang,U0031
U0031/U0031_00032.png,Paintbrush,Wang,U0031
U0031/U0031_00033.png,Paintbrush,Wang,U0031
U0031/U0031_00034.png,Crayon,Wang,U0031
U0031/U0031_00035.png,Crayon,Wang,U0031
U0031/U0031_00036.png,Crayon,Wang,U0031
U0031/U0031_00037.png,Pigment,Wang,U0031
U0031/U0031_00038.png,Pigment,Wang,U0031
U0031/U0031_00039.png,Pigment,Wang,U0031
U0031/U0031_00041.png,WaterColorBrush,Wang,U0031
U0031/U0031_00042.png,WaterColorBrush,Wang,U0031
U0032/U0032_00022.png,Pencil,Wang,U0032
U0032/U0032_00023.png,Pencil,Wang,U0032
U0032/U0032_00024.png,Pencil,Wang,U0032
U0032/U0032_00025.png,Pen,Wang,U0032
U0032/U0032_00026.png,Pen,Wang,U0032
U0032/U0032_00027.png,Pen,Wang,U0032
U0032/U0032_00028.png,GelPen,Wang,U0032
U0032/U0032_00029.png,GelPen,Wang,U0032
U0032/U0032_00030.png,GelPen,Wang,U0032
U0032/U0032_00031.png,Paintbrush,Wang,U0032
U0032/U0032_00032.png,Paintbrush,Wang,U0032
U0032/U0032_00033.png,Paintbrush,Wang,U0032
U0032/U0032_00034.png,Crayon,Wang,U0032
U0032/U0032_00035.png,Crayon,Wang,U0032
U0032/U0032_00036.png,Crayon,Wang,U0032
U0032/U0032_00037.png,Pigment,Wang,U0032
U0032/U0032_00040.png,WaterColorBrush,Wang,U0032
U0032/U0032_00041.png,WaterColorBrush,Wang,U0032
U0032/U0032_00042.png,WaterColorBrush,Wang,U0032
U0033/U0033_00023.png,Pencil,Wang,U0033
U0033/U0033_00025.png,Pen,Wang,U0033
U0033/U0033_00026.png,Pen,Wang,U0033
U0033/U0033_00027.png,Pen,Wang,U0033
U0033/U0033_00028.png,GelPen,Wang,U0033
U0033/U0033_00029.png,GelPen,Wang,U0033
U0033/U0033_00030.png,GelPen,Wang,U0033
U0033/U0033_00031.png,Paintbrush,Wang,U0033
U0033/U0033_00032.png,Paintbrush,Wang,U0033
U0033/U0033_00033.png,Paintbrush,Wang,U0033
U0033/U0033_00034.png,Crayon,Wang,U0033
U0033/U0033_00035.png,Crayon,Wang,U0033
U0033/U0033_00036.png,Crayon,Wang,U0033
U0033/U0033_00037.png,Pigment,Wang,U0033
U0033/U0033_00038.png,Pigment,Wang,U0033
U0033/U0033_00039.png,Pigment,Wang,U0033
U0033/U0033_00040.png,WaterColorBrush,Wang,U0033
U0033/U0033_00041.png,WaterColorBrush,Wang,U0033
U0033/U0033_00042.png,WaterColorBrush,Wang,U0033
U0034/U0034_00022.png,Pencil,Wang,U0034
U0034/U0034_00023.png,Pencil,Wang,U0034
U0034/U0034_00024.png,Pencil,Wang,U0034
U0034/U0034_00025.png,Pen,Wang,U0034
U0034/U0034_00026.png,Pen,Wang,U0034
U0034/U0034_00027.png,Pen,Wang,U0034
U0034/U0034_00028.png,GelPen,Wang,U0034
U0034/U0034_00029.png,GelPen,Wang,U0034
U0034/U0034_00030.png,GelPen,Wang,U0034
U0034/U0034_00031.png,Paintbrush,Wang,U0034
U0034/U0034_00032.png,Paintbrush,Wang,U0034
U0034/U0034_00033.png,Paintbrush,Wang,U0034
U0034/U0034_00034.png,Crayon,Wang,U0034
U0034/U0034_00035.png,Crayon,Wang,U0034
U0034/U0034_00036.png,Crayon,Wang,U0034
U0034/U0034_00037.png,Pigment,Wang,U0034
U0034/U0034_00038.png,Pigment,Wang,U0034
U0034/U0034_00039.png,Pigment,Wang,U0034
U0034/U0034_00040.png,WaterColorBrush,Wang,U0034
U0034/U0034_00041.png,WaterColorBrush,Wang,U0034
U0034/U0034_00042.png,WaterColorBrush,Wang,U0034
U0035/U0035_00022.png,Pencil,Wang,U0035
U0035/U0035_00023.png,Pencil,Wang,U0035
U0035/U0035_00024.png,Pencil,Wang,U0035
U0035/U0035_00025.png,Pen,Wang,U0035
U0035/U0035_00026.png,Pen,Wang,U0035
U0035/U0035_00027.png,Pen,Wang,U0035
U0035/U0035_00028.png,GelPen,Wang,U0035
U0035/U0035_00029.png,GelPen,Wang,U0035
U0035/U0035_00030.png,GelPen,Wang,U0035
U0035/U0035_00031.png,Paintbrush,Wang,U0035
U0035/U0035_00032.png,Paintbrush,Wang,U0035
U0035/U0035_00033.png,Paintbrush,Wang,U0035
U0035/U0035_00034.png,Crayon,Wang,U0035
U0035/U0035_00035.png,Crayon,Wang,U0035
U0035/U0035_00036.png,Crayon,Wang,U0035
U0035/U0035_00037.png,Pigment,Wang,U0035
U0035/U0035_00038.png,Pigment,Wang,U0035
U0035/U0035_00040.png,WaterColorBrush,Wang,U0035
U0035/U0035_00041.png,WaterColorBrush,Wang,U0035
U0035/U0035_00042.png,WaterColorBrush,Wang,U0035
U0036/U0036_00023.png,Pencil,Wang,U0036
U0036/U0036_00024.png,Pencil,Wang,U0036
U0036/U0036_00025.png,Pen,Wang,U0036
U0036/U0036_00027.png,Pen,Wang,U0036
U0036/U0036_00028.png,GelPen,Wang,U0036
U0036/U0036_00029.png,GelPen,Wang,U0036
U0036/U0036_00030.png,GelPen,Wang,U0036
U0036/U0036_00031.png,Paintbrush,Wang,U0036
U0036/U0036_00033.png,Paintbrush,Wang,U0036
U0036/U0036_00034.png,Crayon,Wang,U0036
U0036/U0036_00035.png,Crayon,Wang,U0036
U0036/U0036_00036.png,Crayon,Wang,U0036
U0036/U0036_00037.png,Pigment,Wang,U0036
U0036/U0036_00038.png,Pigment,Wang,U0036
U0036/U0036_00039.png,Pigment,Wang,U0036
U0036/U0036_00040.png,WaterColorBrush,Wang,U0036
U0036/U0036_00041.png,WaterColorBrush,Wang,U0036
U0036/U0036_00042.png,WaterColorBrush,Wang,U0036
U0037/U0037_00022.png,Pencil,Wang,U0037
U0037/U0037_00023.png,Pencil,Wang,U0037
U0037/U0037_00024.png,Pencil,Wang,U0037
U0037/U0037_00025.png,Pen,Wang,U0037
U0037/U0037_00026.png,Pen,Wang,U0037
U0037/U0037_00028.png,GelPen,Wang,U0037
U0037/U0037_00029.png,GelPen,Wang,U0037
U0037/U0037_00030.png,GelPen,Wang,U0037
U0037/U0037_00031.png,Paintbrush,Wang,U0037
U0037/U0037_00032.png,Paintbrush,Wang,U0037
U0037/U0037_00034.png,Crayon,Wang,U0037
U0037/U0037_00035.png,Crayon,Wang,U0037
U0037/U0037_00036.png,Crayon,Wang,U0037
U0037/U0037_00038.png,Pigment,Wang,U0037
U0037/U0037_00039.png,Pigment,Wang,U0037
U0037/U0037_00040.png,WaterColorBrush,Wang,U0037
U0037/U0037_00041.png,WaterColorBrush,Wang,U0037
U0037/U0037_00042.png,WaterColorBrush,Wang,U0037
U0038/U0038_00023.png,Pencil,Wang,U0038
U0038/U0038_00024.png,Pencil,Wang,U0038
U0038/U0038_00025.png,Pen,Wang,U0038
U0038/U0038_00026.png,Pen,Wang,U0038
U0038/U0038_00027.png,Pen,Wang,U0038
U0038/U0038_00028.png,GelPen,Wang,U0038
U0038/U0038_00029.png,GelPen,Wang,U0038
U0038/U0038_00030.png,GelPen,Wang,U0038
U0038/U0038_00032.png,Paintbrush,Wang,U0038
U0038/U0038_00033.png,Paintbrush,Wang,U0038
U0038/U0038_00034.png,Crayon,Wang,U0038
U0038/U0038_00035.png,Crayon,Wang,U0038
U0038/U0038_00036.png,Crayon,Wang,U0038
U0038/U0038_00037.png,Pigment,Wang,U0038
U0038/U0038_00038.png,Pigment,Wang,U0038
U0038/U0038_00039.png,Pigment,Wang,U0038
U0038/U0038_00040.png,WaterColorBrush,Wang,U0038
U0038/U0038_00041.png,WaterColorBrush,Wang,U0038
U0038/U0038_00042.png,WaterColorBrush,Wang,U0038
U0039/U0039_00022.png,Pencil,Wang,U0039
U0039/U0039_00023.png,Pencil,Wang,U0039
U0039/U0039_00024.png,Pencil,Wang,U0039
U0039/U0039_00025.png,Pen,Wang,U0039
U0039/U0039_00026.png,Pen,Wang,U0039
U0039/U0039_00027.png,Pen,Wang,U0039
U0039/U0039_00028.png,GelPen,Wang,U0039
U0039/U0039_00029.png,GelPen,Wang,U0039
U0039/U0039_00030.png,GelPen,Wang,U0039
U0039/U0039_00033.png,Paintbrush,Wang,U0039
U0039/U0039_00034.png,Crayon,Wang,U0039
U0039/U0039_00035.png,Crayon,Wang,U0039
U0039/U0039_00036.png,Crayon,Wang,U0039
U0039/U0039_00037.png,Pigment,Wang,U0039
U0039/U0039_00039.png,Pigment,Wang,U0039
U0039/U0039_00040.png,WaterColorBrush,Wang,U0039
U0039/U0039_00041.png,WaterColorBrush,Wang,U0039
U0039/U0039_00042.png,WaterColorBrush,Wang,U0039
U0030/U0030_00043.png,Pencil,Peng,U0030
U0030/U0030_00044.png,Pencil,Peng,U0030
U0030/U0030_00045.png,Pencil,Peng,U0030
U0030/U0030_00046.png,Pen,Peng,U0030
U0030/U0030_00047.png,Pen,Peng,U0030
U0030/U0030_00048.png,Pen,Peng,U0030
U0030/U0030_00049.png,GelPen,Peng,U0030
U0030/U0030_00050.png,GelPen,Peng,U0030
U0030/U0030_00051.png,GelPen,Peng,U0030
U0030/U0030_00052.png,Paintbrush,Peng,U0030
U0030/U0030_00053.png,Paintbrush,Peng,U0030
U0030/U0030_00054.png,Paintbrush,Peng,U0030
U0030/U0030_00056.png,Crayon,Peng,U0030
U0030/U0030_00057.png,Crayon,Peng,U0030
U0030/U0030_00058.png,Pigment,Peng,U0030
U0030/U0030_00059.png,Pigment,Peng,U0030
U0030/U0030_00060.png,Pigment,Peng,U0030
U0030/U0030_00061.png,WaterColorBrush,Peng,U0030
U0030/U0030_00063.png,WaterColorBrush,Peng,U0030
U0031/U0031_00043.png,Pencil,Peng,U0031
U0031/U0031_00045.png,Pencil,Peng,U0031
U0031/U0031_00046.png,Pen,Peng,U0031
U0031/U0031_00047.png,Pen,Peng,U0031
U0031/U0031_00048.png,Pen,Peng,U0031
U0031/U0031_00051.png,GelPen,Peng,U0031
U0031/U0031_00053.png,Paintbrush,Peng,U0031
U0031/U0031_00054.png,Paintbrush,Peng,U0031
U0031/U0031_00055.png,Crayon,Peng,U0031
U0031/U0031_00056.png,Crayon,Peng,U0031
U0031/U0031_00057.png,Crayon,Peng,U0031
U0031/U0031_00058.png,Pigment,Peng,U0031
U0031/U0031_00059.png,Pigment,Peng,U0031
U0031/U0031_00060.png,Pigment,Peng,U0031
U0031/U0031_00061.png,WaterColorBrush,Peng,U0031
U0031/U0031_00062.png,WaterColorBrush,Peng,U0031
U0031/U0031_00063.png,WaterColorBrush,Peng,U0031
U0032/U0032_00043.png,Pencil,Peng,U0032
U0032/U0032_00044.png,Pencil,Peng,U0032
U0032/U0032_00045.png,Pencil,Peng,U0032
U0032/U0032_00046.png,Pen,Peng,U0032
U0032/U0032_00047.png,Pen,Peng,U0032
U0032/U0032_00048.png,Pen,Peng,U0032
U0032/U0032_00049.png,GelPen,Peng,U0032
U0032/U0032_00051.png,GelPen,Peng,U0032
U0032/U0032_00052.png,Paintbrush,Peng,U0032
U0032/U0032_00053.png,Paintbrush,Peng,U0032
U0032/U0032_00054.png,Paintbrush,Peng,U0032
U0032/U0032_00055.png,Crayon,Peng,U0032
U0032/U0032_00057.png,Crayon,Peng,U0032
U0032/U0032_00058.png,Pigment,Peng,U0032
U0032/U0032_00059.png,Pigment,Peng,U0032
U0032/U0032_00060.png,Pigment,Peng,U0032
U0032/U0032_00061.png,WaterColorBrush,Peng,U0032
U0032/U0032_00062.png,WaterColorBrush,Peng,U0032
U0032/U0032_00063.png,WaterColorBrush,Peng,U0032
U0033/U0033_00043.png,Pencil,Peng,U0033
U0033/U0033_00044.png,Pencil,Peng,U0033
U0033/U0033_00045.png,Pencil,Peng,U0033
U0033/U0033_00046.png,Pen,Peng,U0033
U0033/U0033_00047.png,Pen,Peng,U0033
U0033/U0033_00048.png,Pen,Peng,U0033
U0033/U0033_00049.png,GelPen,Peng,U0033
U0033/U0033_00050.png,GelPen,Peng,U0033
U0033/U0033_00051.png,GelPen,Peng,U0033
U0033/U0033_00052.png,Paintbrush,Peng,U0033
U0033/U0033_00053.png,Paintbrush,Peng,U0033
U0033/U0033_00054.png,Paintbrush,Peng,U0033
U0033/U0033_00055.png,Crayon,Peng,U0033
U0033/U0033_00056.png,Crayon,Peng,U0033
U0033/U0033_00057.png,Crayon,Peng,U0033
U0033/U0033_00058.png,Pigment,Peng,U0033
U0033/U0033_00060.png,Pigment,Peng,U0033
U0033/U0033_00061.png,WaterColorBrush,Peng,U0033
U0033/U0033_00062.png,WaterColorBrush,Peng,U0033
U0034/U0034_00043.png,Pencil,Peng,U0034
U0034/U0034_00044.png,Pencil,Peng,U0034
U0034/U0034_00045.png,Pencil,Peng,U0034
U0034/U0034_00046.png,Pen,Peng,U0034
U0034/U0034_00047.png,Pen,Peng,U0034
U0034/U0034_00048.png,Pen,Peng,U0034
U0034/U0034_00049.png,GelPen,Peng,U0034
U0034/U0034_00050.png,GelPen,Peng,U0034
U0034/U0034_00052.png,Paintbrush,Peng,U0034
U0034/U0034_00053.png,Paintbrush,Peng,U0034
U0034/U0034_00054.png,Paintbrush,Peng,U0034
U0034/U0034_00056.png,Crayon,Peng,U0034
U0034/U0034_00057.png,Crayon,Peng,U0034
U0034/U0034_00058.png,Pigment,Peng,U0034
U0034/U0034_00059.png,Pigment,Peng,U0034
U0034/U0034_00060.png,Pigment,Peng,U0034
U0034/U0034_00062.png,WaterColorBrush,Peng,U0034
U0034/U0034_00063.png,WaterColorBrush,Peng,U0034
U0035/U0035_00043.png,Pencil,Peng,U0035
U0035/U0035_00044.png,Pencil,Peng,U0035
U0035/U0035_00045.png,Pencil,Peng,U0035
U0035/U0035_00046.png,Pen,Peng,U0035
U0035/U0035_00047.png,Pen,Peng,U0035
U0035/U0035_00048.png,Pen,Peng,U0035
U0035/U0035_00049.png,GelPen,Peng,U0035
U0035/U0035_00050.png,GelPen,Peng,U0035
U0035/U0035_00051.png,GelPen,Peng,U0035
U0035/U0035_00052.png,Paintbrush,Peng,U0035
U0035/U0035_00053.png,Paintbrush,Peng,U0035
U0035/U0035_00054.png,Paintbrush,Peng,U0035
U0035/U0035_00055.png,Crayon,Peng,U0035
U0035/U0035_00057.png,Crayon,Peng,U0035
U0035/U0035_00058.png,Pigment,Peng,U0035
U0035/U0035_00059.png,Pigment,Peng,U0035
U0035/U0035_00060.png,Pigment,Peng,U0035
U0035/U0035_00061.png,WaterColorBrush,Peng,U0035
U0035/U0035_00062.png,WaterColorBrush,Peng,U0035
U0035/U0035_00063.png,WaterColorBrush,Peng,U0035
U0036/U0036_00043.png,Pencil,Peng,U0036
U0036/U0036_00044.png,Pencil,Peng,U0036
U0036/U0036_00045.png,Pencil,Peng,U0036
U0036/U0036_00047.png,Pen,Peng,U0036
U0036/U0036_00048.png,Pen,Peng,U0036
U0036/U0036_00049.png,GelPen,Peng,U0036
U0036/U0036_00050.png,GelPen,Peng,U0036
U0036/U0036_00051.png,GelPen,Peng,U0036
U0036/U0036_00052.png,Paintbrush,Peng,U0036
U0036/U0036_00053.png,Paintbrush,Peng,U0036
U0036/U0036_00054.png,Paintbrush,Peng,U0036
U0036/U0036_00055.png,Crayon,Peng,U0036
U0036/U0036_00056.png,Crayon,Peng,U0036
U0036/U0036_00057.png,Crayon,Peng,U0036
U0036/U0036_00059.png,Pigment,Peng,U0036
U0036/U0036_00060.png,Pigment,Peng,U0036
U0036/U0036_00061.png,WaterColorBrush,Peng,U0036
U0036/U0036_00062.png,WaterColorBrush,Peng,U0036
U0036/U0036_00063.png,WaterColorBrush,Peng,U0036
U0037/U0037_00043.png,Pencil,Peng,U0037
U0037/U0037_00044.png,Pencil,Peng,U0037
U0037/U0037_00045.png,Pencil,Peng,U0037
U0037/U0037_00046.png,Pen,Peng,U0037
U0037/U0037_00047.png,Pen,Peng,U0037
U0037/U0037_00048.png,Pen,Peng,U0037
U0037/U0037_00049.png,GelPen,Peng,U0037
U0037/U0037_00050.png,GelPen,Peng,U0037
U0037/U0037_00051.png,GelPen,Peng,U0037
U0037/U0037_00052.png,Paintbrush,Peng,U0037
U0037/U0037_00054.png,Paintbrush,Peng,U0037
U0037/U0037_00055.png,Crayon,Peng,U0037
U0037/U0037_00056.png,Crayon,Peng,U0037
U0037/U0037_00057.png,Crayon,Peng,U0037
U0037/U0037_00058.png,Pigment,Peng,U0037
U0037/U0037_00059.png,Pigment,Peng,U0037
U0037/U0037_00060.png,Pigment,Peng,U0037
U0037/U0037_00061.png,WaterColorBrush,Peng,U0037
U0037/U0037_00062.png,WaterColorBrush,Peng,U0037
U0037/U0037_00063.png,WaterColorBrush,Peng,U0037
U0038/U0038_00043.png,Pencil,Peng,U0038
U0038/U0038_00044.png,Pencil,Peng,U0038
U0038/U0038_00045.png,Pencil,Peng,U0038
U0038/U0038_00046.png,Pen,Peng,U0038
U0038/U0038_00048.png,Pen,Peng,U0038
U0038/U0038_00049.png,GelPen,Peng,U0038
U0038/U0038_00050.png,GelPen,Peng,U0038
U0038/U0038_00051.png,GelPen,Peng,U0038
U0038/U0038_00052.png,Paintbrush,Peng,U0038
U0038/U0038_00053.png,Paintbrush,Peng,U0038
U0038/U0038_00054.png,Paintbrush,Peng,U0038
U0038/U0038_00055.png,Crayon,Peng,U0038
U0038/U0038_00056.png,Crayon,Peng,U0038
U0038/U0038_00057.png,Crayon,Peng,U0038
U0038/U0038_00058.png,Pigment,Peng,U0038
U0038/U0038_00059.png,Pigment,Peng,U0038
U0038/U0038_00060.png,Pigment,Peng,U0038
U0038/U0038_00061.png,WaterColorBrush,Peng,U0038
U0038/U0038_00062.png,WaterColorBrush,Peng,U0038
U0039/U0039_00044.png,Pencil,Peng,U0039
U0039/U0039_00045.png,Pencil,Peng,U0039
U0039/U0039_00047.png,Pen,Peng,U0039
U0039/U0039_00048.png,Pen,Peng,U0039
U0039/U0039_00049.png,GelPen,Peng,U0039
U0039/U0039_00050.png,GelPen,Peng,U0039
U0039/U0039_00052.png,Paintbrush,Peng,U0039
U0039/U0039_00053.png,Paintbrush,Peng,U0039
U0039/U0039_00054.png,Paintbrush,Peng,U0039
U0039/U0039_00055.png,Crayon,Peng,U0039
U0039/U0039_00056.png,Crayon,Peng,U0039
U0039/U0039_00057.png,Crayon,Peng,U0039
U0039/U0039_00058.png,Pigment,Peng,U0039
U0039/U0039_00059.png,Pigment,Peng,U0039
U0039/U0039_00060.png,Pigment,Peng,U0039
U0039/U0039_00061.png,WaterColorBrush,Peng,U0039
U0039/U0039_00062.png,WaterColorBrush,Peng,U0039
U0039/U0039_00063.png,WaterColorBrush,Peng,U0039
U0030/U0030_00064.png,Pencil,Cheng,U0030
U0030/U0030_00067.png,Pen,Cheng,U0030
U0030/U0030_00069.png,Pen,Cheng,U0030
U0030/U0030_00070.png,GelPen,Cheng,U0030
U0030/U0030_00071.png,GelPen,Cheng,U0030
U0030/U0030_00072.png,GelPen,Cheng,U0030
U0030/U0030_00073.png,Paintbrush,Cheng,U0030
U0030/U0030_00074.png,Paintbrush,Cheng,U0030
U0030/U0030_00075.png,Paintbrush,Cheng,U0030
U0030/U0030_00077.png,Crayon,Cheng,U0030
U0030/U0030_00078.png,Crayon,Cheng,U0030
U0030/U0030_00079.png,Pigment,Cheng,U0030
U0030/U0030_00080.png,Pigment,Cheng,U0030
U0030/U0030_00081.png,Pigment,Cheng,U0030
U0030/U0030_00082.png,WaterColorBrush,Cheng,U0030
U0030/U0030_00083.png,WaterColorBrush,Cheng,U0030
U0030/U0030_00084.png,WaterColorBrush,Cheng,U0030
U0031/U0031_00064.png,Pencil,Cheng,U0031
U0031/U0031_00067.png,Pen,Cheng,U0031
U0031/U0031_00068.png,Pen,Cheng,U0031
U0031/U0031_00069.png,Pen,Cheng,U0031
U0031/U0031_00070.png,GelPen,Cheng,U0031
U0031/U0031_00071.png,GelPen,Cheng,U0031
U0031/U0031_00072.png,GelPen,Cheng,U0031
U0031/U0031_00074.png,Paintbrush,Cheng,U0031
U0031/U0031_00075.png,Paintbrush,Cheng,U0031
U0031/U0031_00076.png,Crayon,Cheng,U0031
U0031/U0031_00077.png,Crayon,Cheng,U0031
U0031/U0031_00078.png,Crayon,Cheng,U0031
U0031/U0031_00079.png,Pigment,Cheng,U0031
U0031/U0031_00082.png,WaterColorBrush,Cheng,U0031
U0031/U0031_00083.png,WaterColorBrush,Cheng,U0031
U0031/U0031_00084.png,WaterColorBrush,Cheng,U0031
U0032/U0032_00064.png,Pencil,Cheng,U0032
U0032/U0032_00066.png,Pencil,Cheng,U0032
U0032/U0032_00067.png,Pen,Cheng,U0032
U0032/U0032_00068.png,Pen,Cheng,U0032
U0032/U0032_00069.png,Pen,Cheng,U0032
U0032/U0032_00070.png,GelPen,Cheng,U0032
U0032/U0032_00071.png,GelPen,Cheng,U0032
U0032/U0032_00072.png,GelPen,Cheng,U0032
U0032/U0032_00073.png,Paintbrush,Cheng,U0032
U0032/U0032_00075.png,Paintbrush,Cheng,U0032
U0032/U0032_00076.png,Crayon,Cheng,U0032
U0032/U0032_00077.png,Crayon,Cheng,U0032
U0032/U0032_00078.png,Crayon,Cheng,U0032
U0032/U0032_00079.png,Pigment,Cheng,U0032
U0032/U0032_00081.png,Pigment,Cheng,U0032
U0032/U0032_00082.png,WaterColorBrush,Cheng,U0032
U0032/U0032_00083.png,WaterColorBrush,Cheng,U0032
U0032/U0032_00084.png,WaterColorBrush,Cheng,U0032
U0033/U0033_00064.png,Pencil,Cheng,U0033
U0033/U0033_00065.png,Pencil,Cheng,U0033
U0033/U0033_00066.png,Pencil,Cheng,U0033
U0033/U0033_00067.png,Pen,Cheng,U0033
U0033/U0033_00069.png,Pen,Cheng,U0033
U0033/U0033_00070.png,GelPen,Cheng,U0033
U0033/U0033_00071.png,GelPen,Cheng,U0033
U0033/U0033_00072.png,GelPen,Cheng,U0033
U0033/U0033_00073.png,Paintbrush,Cheng,U0033
U0033/U0033_00075.png,Paintbrush,Cheng,U0033
U0033/U0033_00076.png,Crayon,Cheng,U0033
U0033/U0033_00077.png,Crayon,Cheng,U0033
U0033/U0033_00080.png,Pigment,Cheng,U0033
U0033/U0033_00082.png,WaterColorBrush,Cheng,U0033
U0033/U0033_00083.png,WaterColorBrush,Cheng,U0033
U0033/U0033_00084.png,WaterColorBrush,Cheng,U0033
U0034/U0034_00064.png,Pencil,Cheng,U0034
U0034/U0034_00065.png,Pencil,Cheng,U0034
U0034/U0034_00066.png,Pencil,Cheng,U0034
U0034/U0034_00067.png,Pen,Cheng,U0034
U0034/U0034_00068.png,Pen,Cheng,U0034
U0034/U0034_00070.png,GelPen,Cheng,U0034
U0034/U0034_00071.png,GelPen,Cheng,U0034
U0034/U0034_00072.png,GelPen,Cheng,U0034
U0034/U0034_00073.png,Paintbrush,Cheng,U0034
U0034/U0034_00074.png,Paintbrush,Cheng,U0034
U0034/U0034_00076.png,Crayon,Cheng,U0034
U0034/U0034_00077.png,Crayon,Cheng,U0034
U0034/U0034_00079.png,Pigment,Cheng,U0034
U0034/U0034_00080.png,Pigment,Cheng,U0034
U0034/U0034_00081.png,Pigment,Cheng,U0034
U0034/U0034_00082.png,WaterColorBrush,Cheng,U0034
U0034/U0034_00083.png,WaterColorBrush,Cheng,U0034
U0034/U0034_00084.png,WaterColorBrush,Cheng,U0034
U0035/U0035_00064.png,Pencil,Cheng,U0035
U0035/U0035_00065.png,Pencil,Cheng,U0035
U0035/U0035_00066.png,Pencil,Cheng,U0035
U0035/U0035_00068.png,Pen,Cheng,U0035
U0035/U0035_00069.png,Pen,Cheng,U0035
U0035/U0035_00070.png,GelPen,Cheng,U0035
U0035/U0035_00071.png,GelPen,Cheng,U0035
U0035/U0035_00072.png,GelPen,Cheng,U0035
U0035/U0035_00074.png,Paintbrush,Cheng,U0035
U0035/U0035_00075.png,Paintbrush,Cheng,U0035
U0035/U0035_00077.png,Crayon,Cheng,U0035
U0035/U0035_00078.png,Crayon,Cheng,U0035
U0035/U0035_00079.png,Pigment,Cheng,U0035
U0035/U0035_00080.png,Pigment,Cheng,U0035
U0035/U0035_00081.png,Pigment,Cheng,U0035
U0035/U0035_00082.png,WaterColorBrush,Cheng,U0035
U0035/U0035_00084.png,WaterColorBrush,Cheng,U0035
U0036/U0036_00064.png,Pencil,Cheng,U0036
U0036/U0036_00065.png,Pencil,Cheng,U0036
U0036/U0036_00066.png,Pencil,Cheng,U0036
U0036/U0036_00067.png,Pen,Cheng,U0036
U0036/U0036_00068.png,Pen,Cheng,U0036
U0036/U0036_00069.png,Pen,Cheng,U0036
U0036/U0036_00071.png,GelPen,Cheng,U0036
U0036/U0036_00072.png,GelPen,Cheng,U0036
U0036/U0036_00073.png,Paintbrush,Cheng,U0036
U0036/U0036_00074.png,Paintbrush,Cheng,U0036
U0036/U0036_00075.png,Paintbrush,Cheng,U0036
U0036/U0036_00077.png,Crayon,Cheng,U0036
U0036/U0036_00079.png,Pigment,Cheng,U0036
U0036/U0036_00080.png,Pigment,Cheng,U0036
U0036/U0036_00081.png,Pigment,Cheng,U0036
U0036/U0036_00082.png,WaterColorBrush,Cheng,U0036
U0036/U0036_00083.png,WaterColorBrush,Cheng,U0036
U0037/U0037_00065.png,Pencil,Cheng,U0037
U0037/U0037_00067.png,Pen,Cheng,U0037
U0037/U0037_00068.png,Pen,Cheng,U0037
U0037/U0037_00069.png,Pen,Cheng,U0037
U0037/U0037_00070.png,GelPen,Cheng,U0037
U0037/U0037_00071.png,GelPen,Cheng,U0037
U0037/U0037_00072.png,GelPen,Cheng,U0037
U0037/U0037_00074.png,Paintbrush,Cheng,U0037
U0037/U0037_00075.png,Paintbrush,Cheng,U0037
U0037/U0037_00076.png,Crayon,Cheng,U0037
U0037/U0037_00077.png,Crayon,Cheng,U0037
U0037/U0037_00078.png,Crayon,Cheng,U0037
U0037/U0037_00081.png,Pigment,Cheng,U0037
U0037/U0037_00082.png,WaterColorBrush,Cheng,U0037
U0037/U0037_00083.png,WaterColorBrush,Cheng,U0037
U0037/U0037_00084.png,WaterColorBrush,Cheng,U0037
U0038/U0038_00064.png,Pencil,Cheng,U0038
U0038/U0038_00065.png,Pencil,Cheng,U0038
U0038/U0038_00069.png,Pen,Cheng,U0038
U0038/U0038_00070.png,GelPen,Cheng,U0038
U0038/U0038_00071.png,GelPen,Cheng,U0038
U0038/U0038_00072.png,GelPen,Cheng,U0038
U0038/U0038_00074.png,Paintbrush,Cheng,U0038
U0038/U0038_00075.png,Paintbrush,Cheng,U0038
U0038/U0038_00076.png,Crayon,Cheng,U0038
U0038/U0038_00077.png,Crayon,Cheng,U0038
U0038/U0038_00078.png,Crayon,Cheng,U0038
U0038/U0038_00079.png,Pigment,Cheng,U0038
U0038/U0038_00080.png,Pigment,Cheng,U0038
U0038/U0038_00081.png,Pigment,Cheng,U0038
U0038/U0038_00082.png,WaterColorBrush,Cheng,U0038
U0038/U0038_00083.png,WaterColorBrush,Cheng,U0038
U0038/U0038_00084.png,WaterColorBrush,Cheng,U0038
U0039/U0039_00064.png,Pencil,Cheng,U0039
U0039/U0039_00065.png,Pencil,Cheng,U0039
U0039/U0039_00066.png,Pencil,Cheng,U0039
U0039/U0039_00067.png,Pen,Cheng,U0039
U0039/U0039_00068.png,Pen,Cheng,U0039
U0039/U0039_00069.png,Pen,Cheng,U0039
U0039/U0039_00070.png,GelPen,Cheng,U0039
U0039/U0039_00072.png,GelPen,Cheng,U0039
U0039/U0039_00073.png,Paintbrush,Cheng,U0039
U0039/U0039_00076.png,Crayon,Cheng,U0039
U0039/U0039_00077.png,Crayon,Cheng,U0039
U0039/U0039_00079.png,Pigment,Cheng,U0039
U0039/U0039_00081.png,Pigment,Cheng,U0039
U0039/U0039_00082.png,WaterColorBrush,Cheng,U0039
U0039/U0039_00083.png,WaterColorBrush,Cheng,U0039
U0039/U0039_00084.png,WaterColorBrush,Cheng,U0039
